Num episodes,Cumulative rewards
10,"[-1260, -386, -1287, -1270, -1285, -1260, -712, -1273, -1306, 4]"
20,"[-1288, -1289, -728, -506, -1269, -1269, -1253, -1285, -1280, -1262]"
30,"[-1261, -1255, -320, -1299, -1306, -1248, -1270, -1261, -240, -1279]"
40,"[-1253, -1247, -1326, -542, 136, -1310, -1261, -1267, -1279, 0]"
50,"[-1276, -1259, -1259, -1297, -1250, -1270, -1283, -1277, -1276, -1266]"
60,"[-1264, -1282, -1274, -1253, -1248, -1273, -98, -1249, -1286, -1276]"
70,"[-1268, -402, -1265, -1293, -1255, 28, -1267, -1289, -1275, -1326]"
80,"[-1284, -1267, -454, -1270, -632, -1296, -1262, -766, -1261, -1278]"
90,"[-1308, -1289, -1283, -1258, -1289, -1277, -1277, -100, -1255, -1270]"
100,"[-1278, -1248, -1275, -1304, -1271, -1267, -1263, -1264, -734, -1257]"
110,"[-1301, -1252, -1257, -1257, -1276, -1273, -1252, -1293, -1245, -556]"
120,"[-446, -1268, -1271, -1293, -1292, -1335, -1278, -1264, -1317, -1262]"
130,"[-418, -1265, -1253, -1280, -1277, -1250, -1288, -1280, -1271, -1301]"
140,"[-1264, -1268, -1271, -1263, -1317, -1286, -1267, -1282, -1250, -332]"
150,"[-666, -1237, -1280, -1275, 142, -424, -1278, -1315, -1302, -212]"
160,"[-1305, -1283, -1271, -1261, -1285, -1255, -1262, -1294, -478, -1254]"
170,"[-624, -396, -1285, -1272, -1256, -1271, -1304, -1271, -1253, -1278]"
180,"[-440, -1248, -1283, -1268, -1304, -1240, -266, -1294, -116, -1267]"
190,"[-1264, -1266, -1275, -1282, -458, -1308, -1268, -1256, -1255, -1273]"
200,"[-596, -1283, -1267, -1267, -572, -1277, -482, -686, -1286, -1266]"
210,"[-1276, -1262, -1263, -1292, -1267, -1271, -1308, -1259, -1291, -1261]"
220,"[-1255, -130, -1291, -1280, -1309, -1267, -1263, -1267, 74, -1286]"
230,"[-1262, -1280, -548, -1264, -1229, -1243, -1285, -464, -1283, 96]"
240,"[-1261, -1252, -1295, -1263, 20, -1241, -1307, -1293, -1253, -1294]"
250,"[-1275, -1258, -150, -1300, -1275, -1273, -1265, -1259, -736, -1288]"
260,"[-1267, -1285, 168, -1262, -1273, -1247, -1302, -1291, -1290, -1282]"
270,"[-1276, -1271, -1284, -1267, -1261, -1311, -408, -1251, -1276, -1306]"
280,"[-1292, -330, -1248, -1248, -1270, -1247, -1274, -546, -1268, -358]"
290,"[-714, -1286, -1269, -748, -726, -1294, -1264, -1304, -648, -1271]"
300,"[-1256, -680, -1277, -1236, -674, -694, -40, -1266, -1281, -1289]"
310,"[-1264, -306, -1260, -6, -1251, -1272, -1270, -1254, -1282, -1308]"
320,"[-1273, -338, -1274, -1285, -1251, -144, -52, -1272, -1283, -1263]"
330,"[-722, -738, -1318, 106, -1279, -1238, -658, -1266, -1291, -1276]"
340,"[-1297, -1287, -1265, -508, -1274, -734, -490, -1276, -324, -1257]"
350,"[-8, -472, -1268, -1284, -1274, -490, -1263, -1245, -156, -1295]"
360,"[-1273, -1288, -1294, -1278, -1265, 46, -1257, -1274, -284, -176]"
370,"[-1261, -1264, -1322, -1270, -694, -1288, -1280, -1292, -194, -1297]"
380,"[-140, -1263, -1258, -1252, -484, 50, -586, -566, -1298, -1258]"
390,"[-1257, -8, -1263, -1250, -1310, -670, -1244, -766, -1252, -184]"
400,"[-368, -1274, -1264, -1302, -1266, -458, -1296, -1256, -1256, -1266]"
410,"[-1332, -1268, -1272, -1276, -686, -1297, -1269, -1258, -1281, -1296]"
420,"[-1259, -1276, -1281, -1260, -1284, -522, -1286, -218, -1279, -1262]"
430,"[-1259, -1255, -1273, -1261, -602, -1260, 82, -1251, -1283, -1250]"
440,"[-1300, -106, -1249, -418, -1258, -1247, -1279, -1283, -640, -36]"
450,"[-468, -1254, -1280, -764, -152, -1279, -554, -1256, 8, -1263]"
460,"[-1284, -288, -1290, -1255, -192, -386, -656, -726, -478, -736]"
470,"[166, -1279, -300, -96, -602, -554, -1264, -626, -1248, -644]"
480,"[-672, -726, -424, -1275, -318, -478, -378, -512, -1286, -140]"
490,"[-1265, -132, -80, -1275, 30, -1273, -612, -518, -116, -1272]"
500,"[-554, -1271, -1252, -1283, -1257, -1259, -1274, -1306, 84, -1270]"
510,"[-1261, -1251, 102, -280, -1267, -378, -708, -584, -1288, -2]"
520,"[-1272, -770, -684, -556, -1285, -1267, -1263, -530, -510, -460]"
530,"[-458, -256, -626, -130, -136, -1267, 96, -206, -1264, -1259]"
540,"[-66, -1298, -260, -1276, -1263, -186, -482, -118, -704, -1267]"
550,"[-1280, -1282, -102, -1285, -752, -224, -1285, -544, 0, -124]"
560,"[-730, -392, -14, -690, 208, -1277, -478, -1307, -670, -220]"
570,"[-1276, -1266, -146, -1264, -1269, -1272, -1262, -488, -1266, 182]"
580,"[-554, 76, -1263, -1276, -462, -1254, -1301, -186, -1271, -1267]"
590,"[-250, -228, -386, -1263, -632, -282, -1263, -490, -1254, -1258]"
600,"[80, -1272, -228, -36, -368, -1275, -742, -776, -188, -1275]"
610,"[-1288, 40, -60, -1303, -400, -1264, -376, -1252, -1294, -302]"
620,"[-1299, -648, -1277, -1259, -1268, -1267, -28, -1267, -372, -1260]"
630,"[-1282, -1294, -1266, -668, -1256, -1282, -1287, -1261, -1274, -468]"
640,"[-1264, -636, -740, -512, -1264, -1282, -290, -1263, -1249, -1256]"
650,"[-332, -756, -414, -496, -432, -24, -740, -236, -218, -226]"
660,"[-398, -444, -1261, -404, -1269, 70, -364, 104, -1256, -1269]"
670,"[-324, -524, -1278, -346, -238, -392, -130, -508, -112, -36]"
680,"[-700, -78, -712, -152, -170, -498, -322, -1256, -224, -340]"
690,"[-594, -1264, -310, -1282, -332, -1260, -416, -298, -170, -630]"
700,"[-662, -1271, -438, 72, -284, -268, -1285, -246, -140, -1272]"
710,"[-152, -224, -376, -350, -1281, -1272, -1252, -1281, -430, -228]"
720,"[-1259, 116, -788, -1263, -82, -1285, -1276, 162, -116, -1285]"
730,"[-450, -292, -334, -372, -420, -1260, -672, -288, -566, -1257]"
740,"[-42, -736, -1271, -340, -318, -710, -672, -616, 162, -130]"
750,"[8, -348, -1275, -1248, 138, 116, -170, -208, -620, -106]"
760,"[-1288, -1282, -1256, -460, -490, -116, -1255, -478, -314, -1264]"
770,"[148, -1287, -314, -338, -480, 4, -574, -2, -750, -1250]"
780,"[-98, -270, -320, -212, -1279, -126, -116, -372, -130, -6]"
790,"[-224, -244, -1255, -1268, -1273, -428, -1275, -354, -1269, -1292]"
800,"[-1266, -108, -322, -284, -184, -1273, -1276, -386, -1273, -1263]"
810,"[-1277, -590, -316, -564, -350, -684, -626, 4, -34, -1282]"
820,"[-224, -634, -56, -732, -1280, -1267, -1279, -276, -1274, -1282]"
830,"[-402, -628, -396, -78, -1259, -52, -1277, -214, -356, -252]"
840,"[-1263, -658, -1265, -1265, 82, -558, -290, -1247, -54, -1283]"
850,"[-286, -164, -204, -250, -1260, -1286, -1280, -674, -596, 82]"
860,"[-550, -436, -382, -168, -728, -1277, -512, -1274, -1271, -444]"
870,"[-152, -134, -430, -1275, -1255, -204, 52, 130, -428, -1288]"
880,"[-336, -1266, -360, -490, 12, -1272, -246, -1247, -236, -288]"
890,"[-90, -1256, -566, 172, -1274, -556, 6, -44, -152, 66]"
900,"[-72, -1246, -442, -616, -1293, 22, 2, 94, -1267, -1246]"
910,"[-210, -236, -160, -1271, -1254, -138, -90, -1270, -1279, -1286]"
920,"[-1260, -254, -284, -370, -658, -10, -1276, -1269, -140, -442]"
930,"[-1244, -96, -436, -446, -352, -544, -34, -648, -122, -14]"
940,"[-1263, -1257, -330, -1261, -288, 102, 70, 222, -298, -108]"
950,"[-304, -416, -284, -64, 54, -398, -290, -1279, -60, -364]"
960,"[-88, -1275, -166, -600, -136, -430, -98, -558, -312, -490]"
970,"[-198, -1269, -182, -1282, -1255, -1266, -1265, -114, -372, -1278]"
980,"[-522, 18, -108, -242, -174, -218, -498, -1297, -1318, -1269]"
990,"[-676, -292, -26, -396, -1246, -134, -1249, -1253, -420, -526]"
1000,"[26, -588, -314, -328, 114, -470, -596, -1254, -1275, -202]"
1010,"[-1248, -1252, -1253, -602, -1261, -1269, -1237, 122, -1270, -1262]"
1020,"[-740, -76, -1281, -1263, -1268, -344, -688, -1243, -1256, -366]"
1030,"[-1265, -1297, -1274, -1269, -1281, -1293, -1269, -1259, -1246, -1314]"
1040,"[-1285, -1320, -1306, -784, -1280, -1318, -420, -1292, -1277, -1292]"
1050,"[-1328, -1389, -1342, -1368, -1297, -1361, -1296, -1295, -1357, -1335]"
1060,"[-1295, -1324, -1276, -1262, -1278, -1285, -1254, -1258, -1280, -1292]"
1070,"[-1350, -414, -610, -1321, -732, -1344, -1269, -770, -1308, -716]"
1080,"[-1293, -1288, -1312, -1264, -1294, -1294, -1263, -1287, -1373, -1270]"
1090,"[-1303, -578, -1306, -1284, -1267, -424, -1277, -1269, -1241, -1281]"
1100,"[-1306, -1348, -1337, -1336, -1299, -1291, -1343, -1338, -1316, -1327]"
1110,"[-1349, -1322, -1315, -1378, -1321, -708, -1245, -1283, -1379, -1326]"
1120,"[-1305, -1307, -1292, -1275, -1341, -1274, -1301, -1342, -1365, -1296]"
1130,"[-1312, -1330, -1276, -1344, -1340, -1323, -1324, -1316, -1342, -1297]"
1140,"[-1291, -1285, -1287, -1309, -1302, -1295, -204, -1271, -1321, -1287]"
1150,"[-1291, -1309, -1312, -1331, -1284, -1297, -1293, -1329, -1345, -1316]"
1160,"[-1323, -1338, -1316, -1352, -1293, -1282, -1320, -1337, -1291, -1319]"
1170,"[-1330, -1295, -1384, -1330, -1294, -1354, -1306, -1291, -1328, -1291]"
1180,"[-1353, -1298, -1300, -1303, -1367, -1323, -1294, -1317, -718, -1357]"
1190,"[-1298, -1317, -1349, -1326, -1288, -1307, -1297, -1264, -1291, -1310]"
1200,"[-1342, -1398, -1351, -1284, -1324, -1337, -1362, -1345, -1293, -1329]"
1210,"[-18, -82, -230, -312, -270, -500, -218, -180, -244, 74]"
1220,"[212, -18, 88, -564, -74, -358, -76, -446, -232, 32]"
1230,"[-124, 80, -262, -20, 158, 86, 202, -692, -110, 142]"
1240,"[184, 86, -154, 96, -28, 90, 120, -210, 216, 80]"
1250,"[-266, -234, -208, -420, 96, -138, -354, -156, -124, 52]"
1260,"[104, -214, -1290, -86, 216, -232, 212, 18, -36, 172]"
1270,"[154, 88, -136, -26, 230, 108, -36, -58, -8, -234]"
1280,"[76, 144, -34, 122, 146, 88, -538, -20, -242, -280]"
1290,"[-30, 50, 138, 24, 216, -14, -502, 96, 98, 100]"
1300,"[-106, -84, 254, 150, -82, 58, 90, -392, -112, 136]"
1310,"[160, -34, -306, -90, -72, 94, 196, 258, 38, 8]"
1320,"[-36, -524, -388, -158, -188, -170, 46, 74, 98, 12]"
1330,"[-28, -58, 44, -26, -68, -14, -94, 90, -88, -586]"
1340,"[78, 102, 190, 120, 170, 54, 188, 156, 26, -146]"
1350,"[26, -364, 68, -48, -76, -176, -56, 34, -222, -16]"
1360,"[140, 22, -10, -326, 74, -22, 48, 140, -62, 152]"
1370,"[46, 36, -180, -188, 20, -126, -140, -170, 30, 98]"
1380,"[30, 110, 78, 192, -144, 102, 170, -344, -98, 68]"
1390,"[100, 96, 108, 10, 98, 12, 76, 38, 232, 60]"
1400,"[184, 134, 72, 98, 120, 206, -58, 56, 232, 170]"
1410,"[34, 244, 50, 150, 152, 28, 168, 64, 92, -188]"
1420,"[96, -358, 106, -32, 188, -54, -50, -212, -272, -274]"
1430,"[6, 142, -176, -40, -194, 102, 132, 64, 54, -8]"
1440,"[212, -8, 128, -124, -104, 244, 178, 98, 154, 132]"
1450,"[170, 178, 110, 198, 82, -26, 176, -178, -236, 150]"
1460,"[184, -230, 152, 30, 190, 90, -96, -42, 18, 132]"
1470,"[214, 38, 48, -218, -72, -162, 66, 2, 24, -24]"
1480,"[112, 228, -68, 62, 98, 98, 38, 94, -304, 202]"
1490,"[114, 166, 94, -4, -4, -158, 22, 58, 106, -10]"
1500,"[250, 168, 186, 134, -42, 94, 32, 44, -202, 54]"
1510,"[-54, 86, 18, 216, 192, -70, 214, -570, 158, -256]"
1520,"[-16, -90, 96, 116, -254, -46, 70, -870, 6, 186]"
1530,"[-20, -200, 144, -446, 126, 94, -18, 238, 114, -452]"
1540,"[-172, -12, 174, -712, 132, 162, -280, -272, -96, -22]"
1550,"[-208, 150, 116, 154, 82, -2, 152, 78, -50, 162]"
1560,"[180, -432, 154, -196, -210, 14, -30, 40, -114, 36]"
1570,"[110, -132, 214, 82, -130, -30, 82, 146, 44, 156]"
1580,"[156, -154, 208, 206, 50, -14, 138, 146, 142, 178]"
1590,"[-116, 90, 90, 72, 202, 8, -38, 144, 62, -16]"
1600,"[82, -24, -70, -40, 18, 238, 84, 112, 18, 140]"
1610,"[250, -76, 190, 172, 162, -146, 14, 128, -288, -38]"
1620,"[36, 84, -132, -162, 198, 104, 112, 170, 90, 222]"
1630,"[134, -82, 80, -114, 134, -100, 222, 86, 18, 134]"
1640,"[-142, 140, 46, 70, 92, 28, 132, -410, -160, 40]"
1650,"[-28, 36, -132, 174, 108, 150, -154, 40, 180, 16]"
1660,"[292, -350, -46, -292, 44, -298, -178, 22, -290, 154]"
1670,"[176, -106, 240, -112, 28, 62, -48, 74, 18, 78]"
1680,"[18, -112, 42, 60, 204, 160, 222, 208, -198, 84]"
1690,"[146, -28, 52, -476, 228, -194, 174, 204, 102, -58]"
1700,"[-2, 14, 54, -34, 240, 62, 110, -2, -22, 54]"
1710,"[284, 62, -182, 136, -298, 104, 136, 280, 18, 2]"
1720,"[8, -32, 188, 170, 34, -10, 266, 234, 222, 132]"
1730,"[-6, 150, 246, 154, 110, 260, 160, 192, 178, 250]"
1740,"[62, 70, -112, 166, 138, 238, 110, -408, 172, 164]"
1750,"[164, 216, 214, 120, 114, 134, 178, 98, 238, 108]"
1760,"[8, -746, -290, -508, 6, -60, 58, -324, -70, -556]"
1770,"[10, 134, 66, 132, -70, -34, 242, 132, 66, 218]"
1780,"[112, 96, 182, 120, 94, 234, 120, 76, 146, 172]"
1790,"[166, 198, 194, 22, 160, 34, -274, 34, 220, 162]"
1800,"[-124, 156, 44, 18, -96, 182, 248, 196, 194, 12]"
1810,"[196, 148, 112, 2, 2, 130, 16, 120, 222, 158]"
1820,"[186, 60, 180, 132, 214, 192, 242, 220, 232, 260]"
1830,"[102, 112, 194, 276, 250, 56, 148, 254, -50, 260]"
1840,"[228, 232, 212, 160, 60, 30, 168, 252, 198, 146]"
1850,"[148, 84, -52, 114, 152, 270, 48, 218, 40, 168]"
1860,"[58, -172, 244, 114, 226, 160, 262, 238, 198, 288]"
1870,"[-206, 178, 126, -74, 238, 166, 176, 144, 144, 150]"
1880,"[200, -16, -116, 216, 250, 104, 220, 68, 120, 212]"
1890,"[-96, -74, 152, -112, -64, 34, 90, -250, -252, 10]"
1900,"[190, 254, -72, 214, 292, 260, 178, 16, 174, 194]"
1910,"[64, 208, 102, 172, 146, 242, 210, 210, 140, 170]"
1920,"[46, 212, 70, 188, 198, 202, 200, 108, 252, 14]"
1930,"[-72, 188, 280, 264, 82, 116, 184, 230, 100, 178]"
1940,"[134, -114, 164, -114, 178, 62, 200, -402, -142, 230]"
1950,"[12, -580, 66, -10, -548, -620, -4, 120, -46, 112]"
1960,"[-270, 140, 160, 186, 88, 110, 252, -600, 32, 196]"
1970,"[-46, 236, -706, 240, -210, -236, -204, 34, 26, -124]"
1980,"[188, 130, 184, -116, 244, 152, 198, 190, 204, 132]"
1990,"[122, 152, 52, 168, 216, 16, 118, 170, 200, 168]"
2000,"[-150, -6, 20, -520, 22, 186, -238, -74, 50, 118]"
2010,"[224, 180, 62, 122, -8, -254, 244, 238, 288, 202]"
2020,"[220, 70, -176, 176, 206, 50, 58, 166, 108, -18]"
2030,"[116, 26, 52, 212, 172, 200, 30, 192, 170, 12]"
2040,"[164, 50, 148, 198, 224, 188, 248, 200, 264, 60]"
2050,"[-196, -148, -340, -488, -458, -668, -88, 184, 220, -282]"
2060,"[116, 252, 250, 274, -102, 84, 106, 214, 260, 192]"
2070,"[144, 234, -14, 148, 66, 130, 106, 256, -114, 86]"
2080,"[64, 42, -324, 66, -48, 86, 30, 96, 82, 36]"
2090,"[72, -176, -60, 246, -108, 106, 124, 180, -264, 122]"
2100,"[88, 4, 96, 136, 184, 270, 18, 200, 4, 276]"
2110,"[-98, -4, 90, -198, 104, -244, 214, -6, -134, 202]"
2120,"[40, -2, -90, 220, 4, 134, 6, 250, 190, 148]"
2130,"[156, 180, 74, 210, 144, 98, 92, 192, 198, 98]"
2140,"[222, -16, -10, 196, 216, 240, -236, 262, 264, 66]"
2150,"[140, 84, 2, 112, 186, -110, 108, 242, -126, -118]"
2160,"[42, 208, 268, 122, 294, 256, 6, 118, 148, 122]"
2170,"[182, 178, 258, 148, 134, 130, 182, 238, 176, 268]"
2180,"[218, 246, 262, 212, 228, 126, 132, 168, 156, 238]"
2190,"[260, 112, 126, 64, 232, 200, 190, 140, 160, 186]"
2200,"[162, 102, 212, 134, 258, 250, 290, 230, 252, 16]"
2210,"[84, 114, 268, 224, 74, 170, 212, 166, 254, 232]"
2220,"[168, 110, 96, 222, 166, 140, 228, 16, 218, 274]"
2230,"[172, 254, 162, 184, 242, 112, 302, 216, 264, 162]"
2240,"[58, 312, -20, -64, 262, -44, 276, 256, 292, 274]"
2250,"[26, 250, 164, 174, 30, 162, 216, 266, -72, 190]"
2260,"[132, 206, 92, 178, 204, 182, 204, 276, 136, 220]"
2270,"[200, 286, 84, 20, 134, 126, 68, 168, -94, 54]"
2280,"[18, 286, 108, 246, 244, -234, 162, 144, 22, 96]"
2290,"[246, 276, 230, 106, 148, 94, 206, 222, 190, 248]"
2300,"[150, 218, 258, 206, 248, 264, 260, 148, 248, 192]"
2310,"[264, 186, 168, 42, 14, 156, 34, -104, 150, 24]"
2320,"[72, 176, -34, -34, 160, 80, 166, 120, 186, 116]"
2330,"[212, 242, 88, 164, 122, 216, 250, 292, 46, -16]"
2340,"[-26, 86, 134, 118, -198, 180, 194, -50, 160, -314]"
2350,"[164, 32, 170, 258, 86, 146, 92, 82, 158, 216]"
2360,"[232, 188, 284, 116, 184, 112, 66, 230, 192, 254]"
2370,"[244, 36, 164, 66, 160, -36, -68, 148, 14, 18]"
2380,"[74, 232, 230, 114, 198, 236, 248, 160, 284, 166]"
2390,"[232, 184, 188, 256, 180, 180, 158, 194, 234, 274]"
2400,"[232, 132, 72, 126, -10, 166, 248, 196, 164, -34]"
2410,"[188, 268, 172, 288, 130, 168, 154, 176, 218, 144]"
2420,"[174, 268, 250, 244, 88, 182, 240, 264, 262, 286]"
2430,"[268, 164, 278, 220, 212, 236, 234, 162, 146, 82]"
2440,"[188, 244, 172, 192, 110, 218, 260, 258, 72, 210]"
2450,"[228, 292, 212, 200, 114, 234, 58, 48, 280, 224]"
2460,"[214, -94, 94, 144, 252, 112, 256, 136, 10, 194]"
2470,"[220, 124, 260, 232, 184, 174, 196, 232, 158, 244]"
2480,"[8, -12, 64, 36, -202, 122, 166, 34, -78, -214]"
2490,"[-250, -1570, 100, -56, -370, 106, -52, 218, -636, -198]"
2500,"[-426, 36, -136, 188, -22, -44, -536, 48, 180, 188]"
2510,"[-1546, -1615, -1564, -750, -1537, -1034, -490, -562, -200, -1614]"
2520,"[60, 134, -200, 258, 202, 50, 186, 110, 288, 54]"
2530,"[252, 136, 152, 180, 270, 88, 190, 224, 42, 80]"
2540,"[296, -1240, 172, 238, 228, 220, 48, 258, 250, 248]"
2550,"[-80, -266, 136, -1513, -1565, 98, 268, -1422, -372, -1547]"
2560,"[252, 264, 308, 76, -318, 56, 124, 242, 286, 212]"
2570,"[214, 58, 236, -186, 62, -264, 156, -84, -292, 74]"
2580,"[244, -206, 78, 122, 228, 240, 290, 230, 258, -86]"
2590,"[198, -1610, 142, 218, 182, 268, 256, 256, 90, -206]"
2600,"[-1624, 134, 188, 222, -1670, 208, 34, 162, 274, 284]"
2610,"[40, 192, -278, 14, 74, 168, -190, 0, 248, -172]"
2620,"[268, -480, 240, 90, 30, 64, 232, 32, 206, 236]"
2630,"[156, 114, 140, 122, 120, 154, 242, 234, 156, 212]"
2640,"[14, -660, 20, 112, 36, -496, 186, 252, -428, 288]"
2650,"[62, -134, 102, 254, -304, -54, -222, -64, -1561, -1544]"
2660,"[156, -20, 2, 224, 70, -1607, 138, 154, -198, 290]"
2670,"[-6, -1273, 76, 32, -1279, 198, 48, -356, 172, -1297]"
2680,"[248, 126, 306, 234, 276, -1252, 264, 238, 206, 188]"
2690,"[294, 256, 300, 256, 290, 170, 226, 202, 260, 124]"
2700,"[234, 222, 208, 234, 200, 136, -268, 200, 294, 182]"
2710,"[-426, 282, 138, 294, 272, 92, -1543, 238, 268, 126]"
2720,"[288, 202, 108, 70, 266, 288, 110, 130, 92, 226]"
2730,"[82, 140, 256, 240, 194, 188, 160, 278, 168, 150]"
2740,"[176, 174, 178, 232, 260, 56, 242, 232, 146, 154]"
2750,"[244, 288, -20, 232, 186, 90, 206, 264, 250, 86]"
2760,"[38, 72, 38, 274, 146, 288, 260, -10, 138, 262]"
2770,"[194, 250, 194, -62, -548, 96, 78, -294, 156, -28]"
2780,"[72, 232, 288, 278, 82, 196, 182, 86, 120, 176]"
2790,"[168, 72, 158, 158, 156, -138, -28, -68, 44, -44]"
2800,"[140, 126, 30, 122, 62, -48, 274, 122, -86, 184]"
2810,"[140, 194, 92, 192, 290, 228, 248, 274, 82, 202]"
2820,"[38, 210, -90, 46, -78, 204, 44, 120, 44, -12]"
2830,"[96, 140, 168, 212, 34, 190, 232, 258, 210, 170]"
2840,"[-476, 138, 192, 124, 244, 160, 212, 240, -52, 254]"
2850,"[198, 132, 248, 162, 68, 182, 230, 254, 150, 40]"
2860,"[172, 212, 280, 76, -26, -140, -82, 234, 246, 152]"
2870,"[-1273, -110, -150, 176, 134, -198, -344, -382, 2, -1269]"
2880,"[254, 238, 196, 234, 166, 204, 10, 56, 252, 90]"
2890,"[212, 258, 164, 198, 142, 146, 142, 268, 228, 194]"
2900,"[240, -154, 262, 170, 278, 282, 80, 8, 2, 228]"
2910,"[216, 182, 164, -86, 224, 168, 138, 112, 190, 262]"
2920,"[118, 218, 188, 66, 178, -178, 54, -60, 202, -180]"
2930,"[274, 302, 192, 242, 278, 196, 176, 152, 244, 268]"
2940,"[230, 138, 240, 94, 196, 264, 234, 268, -1682, 170]"
2950,"[272, 216, 216, 210, 88, 250, 112, 28, 244, 204]"
2960,"[268, 48, 136, 200, 96, 262, 188, 70, 152, -374]"
2970,"[202, 178, 202, 234, 242, 240, 236, 204, -244, 252]"
2980,"[-1092, -34, -80, 136, 182, -72, -166, 242, 302, -136]"
2990,"[-88, -186, 164, 6, 176, -100, 122, -36, -56, -362]"
3000,"[-48, 256, 280, 204, 122, -96, 216, 288, 288, 286]"
3010,"[34, 130, 210, 6, 202, 42, 200, 100, 264, 166]"
3020,"[184, 102, 218, 264, 170, -32, 56, 176, 146, 224]"
3030,"[186, 70, 60, 132, 194, 162, 24, 194, 184, 136]"
3040,"[250, 208, -8, 284, 272, 134, 226, 226, 156, 240]"
3050,"[-16, 104, 268, 152, -66, -44, -272, 12, -878, 92]"
3060,"[292, 114, 152, 212, 82, 256, 240, 182, 188, 186]"
3070,"[-260, -320, 232, -1289, -208, -1234, -1319, -430, -1488, -154]"
3080,"[-816, -34, -102, -162, -424, -124, -34, -162, -284, 4]"
3090,"[90, 180, 54, 268, 248, 138, -238, -38, 186, 224]"
3100,"[-384, -308, -12, 70, 128, -164, 110, 122, 36, 196]"
3110,"[-20, 218, 254, 0, 224, 218, 190, 184, 260, -44]"
3120,"[-270, -510, 98, 136, -312, -202, 72, 202, -1711, -4]"
3130,"[-1715, -1731, 250, -1722, -1637, 206, -1753, -340, -322, -1625]"
3140,"[10, 224, 244, 224, 82, 214, 274, 178, 188, 20]"
3150,"[46, -152, 118, 212, 292, 154, 240, 190, 122, 236]"
3160,"[244, -30, 296, 238, 218, 202, -32, 26, 72, 224]"
3170,"[-360, -378, 138, 28, -156, 230, -88, -490, -168, -600]"
3180,"[-26, -304, -304, 182, 38, -544, -18, -206, 112, -186]"
3190,"[62, 78, 34, 150, 186, 216, 150, 46, -276, 108]"
3200,"[120, 72, 224, 200, 216, 90, 228, 228, -12, -710]"
3210,"[140, 206, -42, 190, 192, 208, 214, 160, 82, 198]"
3220,"[86, -132, -112, 160, 196, -484, 56, -126, 202, -630]"
3230,"[236, -366, 194, 262, 142, 260, -1588, -78, 254, 208]"
3240,"[204, 242, 182, 138, 68, 172, 52, 258, 248, 200]"
3250,"[128, -122, -30, 190, 158, 228, 126, 84, 288, 236]"
3260,"[-1736, -12, 76, 126, 54, 240, 16, -82, -104, 22]"
3270,"[-146, -10, 282, -1431, -246, -2, -174, 118, -94, -46]"
3280,"[182, 186, 232, 184, -520, 72, 74, 218, 274, 202]"
3290,"[114, 278, 252, 286, 238, -22, 128, 250, 18, -214]"
3300,"[-242, 100, -764, -86, 114, 192, -290, -54, -398, 136]"
3310,"[-1244, -1229, -1263, 138, -1357, -1249, 206, -1296, -442, -774]"
3320,"[104, 232, -42, 112, 206, 244, 94, 178, 172, -36]"
3330,"[116, -202, 4, 138, 152, 32, 174, 38, 288, -112]"
3340,"[94, 220, 242, -226, 208, 230, 226, 220, 222, 66]"
3350,"[172, 262, 44, 266, 250, 260, 70, -234, -42, 86]"
3360,"[234, 242, 268, -26, -12, 142, 260, 176, 272, -450]"
3370,"[184, 46, 292, 214, 282, 166, 202, 122, 38, 240]"
3380,"[102, 186, -220, -204, 54, -138, 154, 58, 262, -284]"
3390,"[114, 90, 194, 240, 92, 74, 128, 184, 90, 18]"
3400,"[-1515, -1555, -36, 44, 240, 48, 20, 28, 92, -852]"
3410,"[-274, 146, -362, 4, -220, -170, -292, -44, 204, -134]"
3420,"[84, 136, 132, -1626, 256, 218, 116, 56, -1567, 168]"
3430,"[-1645, -1576, -284, -1642, -1448, -4, -988, -1632, -1590, -1534]"
3440,"[236, 214, 112, 282, 214, 136, 140, -64, 234, 76]"
3450,"[286, -966, 68, -526, -28, 272, 0, 250, 16, -42]"
3460,"[234, 32, 172, 254, 258, -48, 190, 78, 88, 24]"
3470,"[206, -420, 158, 256, -244, -448, -12, 230, -206, 76]"
3480,"[142, -848, -1008, -110, -70, -164, 24, -652, -390, -184]"
3490,"[250, 258, 210, 118, 172, 108, 148, -1446, 256, -284]"
3500,"[152, -60, 198, 250, 200, 182, -218, 180, 216, 6]"
3510,"[12, 230, 72, -1231, 150, 144, 12, -142, 90, 42]"
3520,"[-630, -198, -434, -294, -594, -1568, 168, -14, -428, 2]"
3530,"[146, 260, 168, 244, 266, 268, 234, 18, 92, 224]"
3540,"[88, -76, 62, 130, 44, 38, 226, 100, 160, 224]"
3550,"[-58, -1144, -638, -252, 56, -216, 52, 178, -84, -1735]"
3560,"[300, 220, 182, -80, 246, 194, 238, 278, 186, 222]"
3570,"[176, 188, 186, 110, 176, 190, -108, 62, 6, 280]"
3580,"[146, -132, 10, 134, -144, 180, 138, 160, 182, 118]"
3590,"[4, 56, -406, 56, -174, -462, -170, -430, 136, -304]"
3600,"[142, -146, 156, 194, 170, 122, 118, 20, 294, 6]"
3610,"[-16, -1661, -6, 220, 76, -160, -1830, -2, 216, 224]"
3620,"[-72, -1261, 208, 284, 178, 276, -328, 220, 224, 264]"
3630,"[258, 198, 258, 160, -1294, 230, 280, 186, -1269, 268]"
3640,"[222, -40, 282, 76, 216, 112, 172, 162, 300, 216]"
3650,"[202, 250, 244, 222, 196, 144, 2, 154, 198, 134]"
3660,"[-130, 182, 284, -320, -564, 58, -20, 68, 246, 164]"
3670,"[288, 34, 84, -30, 2, 210, -282, 148, -78, 112]"
3680,"[246, 108, 148, -158, -114, 222, 152, -152, -40, 154]"
3690,"[-1640, -1669, -928, -1723, -1752, -1706, -1684, -1802, -1701, 78]"
3700,"[70, 140, -232, 42, -252, 74, -152, -196, -504, 164]"
3710,"[-20, 202, 134, 82, -130, 200, 240, 288, 170, 114]"
3720,"[264, 292, 198, 6, 110, 266, -716, 126, -20, 280]"
3730,"[230, 184, 144, 178, 128, 226, 188, -26, -176, 198]"
3740,"[250, 278, 98, 82, 278, 294, 298, 218, 220, 150]"
3750,"[162, -266, -66, 40, -24, 134, -354, 52, 118, -56]"
3760,"[-172, 56, 130, 128, 40, 108, 196, -66, 22, 202]"
3770,"[-798, -1334, -1293, -2009, -1349, -1695, -1602, -1813, -1295, -1304]"
3780,"[-142, -16, 276, -1252, -270, -606, 108, -716, 24, -516]"
3790,"[-118, -32, 272, -26, -1196, -46, 62, -126, 142, -52]"
3800,"[224, 134, 300, 168, 254, 196, 258, 240, 68, 186]"
3810,"[198, 172, 236, 226, 242, -316, 230, -904, 226, 228]"
3820,"[104, 196, 194, -140, 234, 180, 236, 248, 130, 250]"
3830,"[184, -46, 34, 44, 234, 46, 244, 214, 274, 230]"
3840,"[144, 250, -78, 172, 172, 176, 36, 56, 52, 102]"
3850,"[164, 104, 276, 242, -1836, -782, 288, -366, 58, -1237]"
3860,"[278, -1877, 246, 94, 132, 162, 140, 146, 164, 188]"
3870,"[202, 240, 134, 274, 138, 256, 246, 108, -1875, 106]"
3880,"[-1316, 292, 266, -1295, 186, 260, 182, -4, 218, 228]"
3890,"[150, 268, 204, 218, 266, 198, 234, 234, 266, 162]"
3900,"[-58, 222, 162, 38, 232, 180, 254, 28, 230, 280]"
3910,"[288, 252, 182, 272, 182, 248, 290, 302, 244, 186]"
3920,"[186, 226, 200, 290, 154, 210, 292, 250, -46, 176]"
3930,"[238, 204, 270, 260, 216, 166, 290, 286, 298, 240]"
3940,"[58, -832, 172, -96, 144, 186, 194, 94, 70, 158]"
3950,"[136, 214, 234, 24, -42, 194, 130, 176, 158, 238]"
3960,"[-652, 260, 198, 144, 230, 130, 202, 208, 74, 262]"
3970,"[-1229, -1222, -1218, -1227, -1222, -1230, -1219, -1217, -1227, -1227]"
3980,"[-1732, 300, -1836, -860, -152, 84, 214, 268, -656, -244]"
3990,"[234, 246, 94, 108, 72, 66, 0, 122, 228, -32]"
4000,"[164, 200, 234, 252, -1830, 110, 172, 196, 216, 6]"
4010,"[206, 218, 56, 250, 198, 82, -208, -1854, 192, 104]"
4020,"[264, 28, 304, -1921, 290, -18, 252, 122, -38, 204]"
4030,"[78, -536, 82, -696, -132, 42, -1589, -208, -368, -4]"
4040,"[-452, -794, 92, 158, 90, 256, 62, 24, 204, 270]"
4050,"[288, -1267, -802, -150, -1368, -230, -228, 84, 74, -1502]"
4060,"[244, 158, -1218, 240, 216, -1847, -872, 158, -1829, -1824]"
4070,"[-1803, -724, -1696, 264, -12, 240, -1613, 306, -1705, -1913]"
4080,"[-1460, -1290, -1300, -1436, -1282, -1363, -1372, -1273, -1392, -1328]"
4090,"[-912, -4, 210, -1332, -1576, -698, -1328, -1363, -1407, -1441]"
4100,"[-110, -1651, -792, -948, -1889, -606, -1575, -400, -378, -374]"
4110,"[-52, -580, -66, 218, -122, 148, -326, 186, -82, -264]"
4120,"[58, -46, -24, 38, 60, -200, -336, 118, 22, -142]"
4130,"[186, 44, -18, 26, 204, 186, -674, 146, 76, 154]"
4140,"[276, 282, 276, 174, -364, 242, -154, 202, -642, -1136]"
4150,"[214, 180, 192, 160, -202, 100, 0, -46, 148, 24]"
4160,"[-64, -32, 82, -284, 96, 166, -62, -676, -352, -652]"
4170,"[260, 262, 152, 74, 224, 240, 140, 82, -58, 132]"
4180,"[-38, 164, 84, 150, 114, -14, 78, 170, 200, 118]"
4190,"[268, -130, 290, 212, 178, 222, 256, 190, 94, -16]"
4200,"[8, 2, 14, -24, -32, -100, 16, 222, -20, -32]"
4210,"[202, -496, -1890, 120, 224, 224, 158, 254, -362, 292]"
4220,"[-84, 68, -486, -286, 72, -772, 76, -150, 152, 184]"
4230,"[6, 300, 252, 238, 210, 54, 132, 272, 128, 102]"
4240,"[162, 162, 296, 200, 136, -96, 272, 222, 106, 54]"
4250,"[-114, 142, 212, 290, -84, 228, 192, 176, 188, 242]"
4260,"[148, 276, 278, 150, -142, 234, 290, 92, 114, 216]"
4270,"[-286, 196, 242, 222, 228, 198, 198, 266, -18, 8]"
4280,"[132, 158, 184, 68, 200, 244, 218, 252, 294, 88]"
4290,"[88, 186, 36, 102, 98, 8, -22, 258, -2, -12]"
4300,"[296, 218, 260, 206, 254, 186, 198, 234, 260, 152]"
4310,"[222, -238, 40, -144, 186, 32, 234, 250, -1766, -156]"
4320,"[190, 58, 228, 218, 226, 240, 94, 292, 228, 90]"
4330,"[14, 214, -28, 100, 260, 218, 106, 84, 240, 278]"
4340,"[252, 74, 186, -40, 234, 40, 216, 274, 196, 110]"
4350,"[98, 286, 254, 272, 140, 114, 264, 204, 276, 164]"
4360,"[-106, 230, 98, -52, -26, -76, -140, -64, 142, 134]"
4370,"[170, 270, 140, 232, 220, 110, 276, 152, 192, 156]"
4380,"[-1221, -1238, -1217, -660, -1212, -1212, -128, 150, -1280, -1216]"
4390,"[224, 136, 222, 132, 262, 240, -46, 112, 102, 278]"
4400,"[-658, -484, -506, -1248, -528, 156, -1254, -1245, -1255, -1268]"
4410,"[-1273, 52, -64, -1269, -1288, -1262, 198, -1254, -342, -374]"
4420,"[214, 198, 192, 150, 38, 96, -210, 80, 150, 230]"
4430,"[-1910, -920, 80, -608, -560, 86, 188, -180, 286, -530]"
4440,"[-604, -218, -152, -378, 52, -214, -634, 2, -376, -508]"
4450,"[-724, 0, -356, -608, -40, -450, 50, 40, 252, 116]"
4460,"[156, 144, -196, 62, -470, -16, 104, -692, -4, 106]"
4470,"[-1240, -118, 86, -120, -424, 152, -1224, -38, 268, 206]"
4480,"[126, 280, 146, 238, 208, 132, 4, 116, 218, 180]"
4490,"[-104, -466, -1194, 80, -520, 38, 0, 54, -34, -224]"
4500,"[234, -58, 134, 224, -6, -90, 158, 112, 262, 282]"
4510,"[136, 70, 178, 140, 116, 254, 202, 156, 60, 210]"
4520,"[222, 104, 252, 196, 244, 108, 106, 248, 214, 232]"
4530,"[202, 206, 168, 160, 122, 258, 16, 116, 228, 266]"
4540,"[172, -176, 164, 166, -136, -266, -198, 176, -32, 100]"
4550,"[78, 36, 34, -176, 90, 116, 76, 212, -22, 72]"
4560,"[196, 236, 216, 262, 266, -52, 102, 192, 252, 266]"
4570,"[-214, -1978, -244, -650, -224, 246, -2095, -406, -514, -934]"
4580,"[150, 252, 126, 78, 106, 158, 30, 58, 100, 264]"
4590,"[62, -82, 176, 130, 200, 236, 118, 152, 160, 202]"
4600,"[296, 218, 142, 38, 92, 266, 174, 206, 218, 162]"
4610,"[154, 188, 60, 298, 92, 208, 160, 146, 262, 196]"
4620,"[110, 190, -48, 178, -664, 118, 258, -188, -888, -136]"
4630,"[-262, -270, -38, 66, -256, -242, -460, -192, -48, -410]"
4640,"[270, 250, 176, 258, 112, 124, 238, 128, 96, 64]"
4650,"[142, 180, 224, -30, 194, 122, 196, 48, 190, 304]"
4660,"[-478, -1471, -78, -1636, -372, -1641, -30, -1082, -534, -1724]"
4670,"[-1692, -290, -272, -372, -340, -1385, -16, -236, -108, -1546]"
4680,"[146, 214, -746, -764, -332, -70, -188, -298, -626, 76]"
4690,"[-38, -1366, 276, 166, 78, -954, 178, 158, 42, 114]"
4700,"[112, 146, 146, -206, 234, 34, 248, 144, 242, 228]"
4710,"[186, 178, 226, -32, 192, 160, 180, 298, 102, 250]"
4720,"[198, 246, 234, 200, 300, 274, 200, 172, 242, -86]"
4730,"[24, 176, 186, 256, 14, 250, 74, 154, 212, 256]"
4740,"[254, 218, 242, 228, 248, 254, 164, 206, 42, 216]"
4750,"[286, 190, 236, 158, 242, 172, 214, 278, 192, 230]"
4760,"[-218, -624, 54, -794, 58, -138, -246, -274, -118, 84]"
4770,"[-14, 122, 202, -370, -286, -678, 98, 122, 68, -452]"
4780,"[266, -548, 132, 164, 212, 30, 82, 194, 4, 96]"
4790,"[-1997, -1184, -220, -752, 100, -314, -292, -2022, -618, -292]"
4800,"[130, -10, -358, -140, -170, 182, 72, -2, -246, -636]"
4810,"[260, 198, 158, 254, 164, 150, 0, 82, 208, 82]"
4820,"[-440, 86, -106, -72, -440, 66, -1910, -712, -180, -104]"
4830,"[226, 180, 74, 214, 208, 250, 146, -70, 266, 282]"
4840,"[128, 262, 44, -26, -704, 154, 260, 214, 202, 184]"
4850,"[236, -104, -1433, 98, -1260, -1223, -1370, 124, -1343, -1216]"
4860,"[218, -1767, -1768, -1791, -1847, -14, -394, -1861, -1755, -1901]"
4870,"[260, 76, 252, 228, 90, 34, 168, 144, -234, 134]"
4880,"[252, 236, 176, 238, 198, 280, -74, 210, 228, 154]"
4890,"[-46, -38, 236, 220, -118, 302, 136, 226, 102, 272]"
4900,"[194, 258, 228, 210, 154, 92, 152, 294, 222, 304]"
4910,"[240, 266, 118, 152, 244, 54, 288, 298, 276, 86]"
4920,"[218, 276, 300, 34, 254, 220, 196, 238, 246, 154]"
4930,"[246, 228, 264, -354, 132, -1929, 178, -452, 264, 50]"
4940,"[-390, 130, -186, 230, 224, 4, 174, 124, 142, -250]"
4950,"[-400, 182, 262, 182, -46, 26, 218, 212, 172, 200]"
4960,"[282, 272, 268, 242, 162, 252, 280, 154, 144, 276]"
4970,"[-384, -494, -30, -708, -1805, 102, 210, -598, -32, -804]"
4980,"[150, 198, -878, -84, -266, -346, -58, -290, -178, 134]"
4990,"[-1279, -1270, -716, 76, 220, -32, -1269, -694, 200, -486]"
5000,"[184, 258, -684, 122, 252, 222, 150, 104, 274, 228]"
5010,"[44, 74, -40, 156, 246, 182, 266, 68, -138, -174]"
5020,"[288, 110, 188, 148, 96, 102, 200, 266, 190, 236]"
5030,"[256, 158, 202, 212, 216, 290, 294, 230, 250, 234]"
5040,"[254, 176, 166, 252, 276, 286, 210, 36, 102, 160]"
5050,"[232, 228, 214, 240, 182, 182, 22, 152, 186, 214]"
5060,"[210, 216, 108, 244, 240, 266, 168, 154, 214, 166]"
5070,"[278, 254, 50, 252, 86, 14, 246, 308, 112, 120]"
5080,"[214, 190, 34, 100, -54, 126, 260, 192, 206, 138]"
5090,"[242, 98, 258, 6, 14, 294, 272, 156, 74, 226]"
5100,"[290, 160, 268, 206, 224, 152, 234, 252, 138, 254]"
5110,"[-42, 246, 238, 236, 112, 98, -1388, 200, 280, 76]"
5120,"[232, -1488, 260, 222, 230, 222, 188, 122, 264, 166]"
5130,"[78, 256, 230, 268, 218, -114, 256, 96, 234, 262]"
5140,"[222, -296, 216, 202, 270, 116, 278, 156, 32, 254]"
5150,"[92, 226, 176, 218, 268, 132, 224, 144, 56, 192]"
5160,"[24, 258, 206, 288, 220, 230, 228, 278, 270, 88]"
5170,"[268, 186, 138, 256, 82, 258, 34, 260, 106, 270]"
5180,"[288, 214, -90, 216, 224, 182, 274, 158, 222, 264]"
5190,"[156, 144, 254, 122, 40, 256, 268, 196, 298, 218]"
5200,"[92, 234, 132, 238, 66, 56, 238, 164, 216, 160]"
5210,"[100, 200, 174, 226, 190, 264, 222, 286, 270, 70]"
5220,"[238, 228, 120, 228, 72, 270, 212, 252, -184, 68]"
5230,"[140, 276, 226, 114, 268, 218, 274, 186, 194, 240]"
5240,"[220, 208, 244, 180, 228, 92, 252, 278, 232, 172]"
5250,"[196, 192, 210, 72, 176, -216, 260, 206, 238, 222]"
5260,"[84, 250, 222, 252, 0, 200, 108, 238, 216, 6]"
5270,"[266, 234, 302, 206, 212, 224, 258, 98, 160, -30]"
5280,"[222, -152, 120, 242, 248, 234, 14, 12, 232, 258]"
5290,"[112, 190, -30, 288, 188, 224, 272, 78, 236, 252]"
5300,"[158, 170, 186, 200, 302, 222, 172, 160, 256, 240]"
5310,"[202, 190, 270, 18, 212, 38, 216, 222, 264, 182]"
5320,"[248, 258, 284, 268, 124, 224, 192, 258, 182, 112]"
5330,"[136, 66, 214, 284, 236, 216, 254, 58, 296, 254]"
5340,"[196, 194, 250, 172, 252, -12, 260, 274, -6, -78]"
5350,"[34, 230, 176, 190, 234, 270, 246, 196, 112, 72]"
5360,"[106, 266, -98, 248, 224, 208, 200, 170, 220, 158]"
5370,"[-626, -20, 266, 24, -136, 222, -480, 84, -20, -696]"
5380,"[180, 192, 244, 262, 124, 244, 224, 262, 284, 262]"
5390,"[268, 56, 298, 90, 292, 90, 110, 236, 4, 50]"
5400,"[90, 276, 134, 286, 222, -110, 294, 278, 172, 160]"
5410,"[60, 274, 116, 252, 268, 158, 218, 294, 228, -40]"
5420,"[254, 206, 248, 216, 128, 148, 248, 218, 298, 310]"
5430,"[208, 242, 164, 140, 190, 198, 128, 278, 184, 190]"
5440,"[176, 290, 142, 244, 132, 150, 290, 216, 188, 230]"
5450,"[110, 54, 262, 262, 138, 230, 186, 252, 204, 200]"
5460,"[-904, 232, 120, 266, 282, 282, 58, 218, 230, 264]"
5470,"[288, 12, 122, 222, 132, 272, 96, 266, 212, 242]"
5480,"[262, 302, 62, 132, 120, 230, 154, 38, 238, 288]"
5490,"[210, 220, 206, 304, 262, 202, 232, 278, 268, 170]"
5500,"[250, 198, 242, 198, 286, 222, 156, 184, 242, 288]"
5510,"[208, 258, 296, 246, 272, 178, 250, 146, 134, 246]"
5520,"[68, 254, 200, 170, 156, 258, 230, 150, 54, 236]"
5530,"[254, 118, 276, 262, 208, 108, 146, -6, -112, 34]"
5540,"[254, 226, 246, 226, 258, 254, 238, 104, 238, 238]"
5550,"[212, 232, 284, 254, 166, 274, -34, 220, 166, 264]"
5560,"[250, 250, 276, 274, 278, 70, 286, 264, 242, 128]"
5570,"[28, 262, 232, 230, 282, 204, 190, 174, 262, 190]"
5580,"[38, 66, 222, 254, 12, 268, 278, 186, 170, 262]"
5590,"[252, 288, 240, 108, 106, 270, 288, 284, 216, 242]"
5600,"[186, 232, 270, 226, 218, 292, 248, 222, 298, 244]"
5610,"[156, 234, 244, 94, 288, 108, 208, 314, 116, 134]"
5620,"[262, 234, 58, 180, 132, 292, 252, 152, 76, 202]"
5630,"[262, 276, 120, 206, 132, 286, 294, 132, 194, 68]"
5640,"[198, 98, 96, 196, 136, 228, 234, 152, 202, 172]"
5650,"[282, 156, 282, 222, 228, 268, 174, 242, 240, 292]"
5660,"[234, 16, 204, 264, 282, 240, 304, 240, 240, 270]"
5670,"[190, 278, 262, 296, 164, 276, 182, 26, 298, 156]"
5680,"[244, 236, 290, 242, 202, 276, 228, 196, 18, 250]"
5690,"[-98, 156, 272, 210, 276, 266, 252, 260, 280, 208]"
5700,"[212, 268, 40, 202, 78, 202, 62, 242, 178, 262]"
5710,"[222, 170, 268, 252, 274, 140, 174, 268, 192, 172]"
5720,"[116, 228, 200, 280, 232, 272, 228, 246, 248, 208]"
5730,"[270, 224, 198, 232, 308, 146, 190, 176, 106, 210]"
5740,"[52, 282, 280, 240, 268, 288, 124, 274, 240, 232]"
5750,"[244, 274, 288, 168, 112, 228, 148, 200, 2, 292]"
5760,"[154, 296, 164, 200, 286, 200, 216, 174, 218, 274]"
5770,"[288, 218, 238, 292, 164, 280, 242, 282, 272, 206]"
5780,"[306, 282, 274, 158, 260, 290, 198, 264, 282, 240]"
5790,"[42, 294, 256, 192, 234, 272, 280, 238, 166, 238]"
5800,"[280, 226, 236, 22, 220, 244, 146, -34, 204, 258]"
5810,"[282, 206, 290, 222, 288, 216, 252, 236, 246, 242]"
5820,"[132, 160, 300, 306, 204, 182, 292, 236, 288, 274]"
5830,"[242, 44, 256, 268, 140, 140, 190, 258, 180, 202]"
5840,"[266, 84, -24, 168, 258, 230, 268, 258, 182, 244]"
5850,"[268, -138, 216, 288, 252, 288, 104, 126, 248, 224]"
5860,"[288, 262, 282, 270, 106, 90, 274, 254, 258, -62]"
5870,"[224, 278, 170, 206, 110, 182, 236, 92, 294, 206]"
5880,"[124, 290, 254, 286, 166, 242, 112, 266, 208, 140]"
5890,"[232, 238, 198, 154, 266, 248, -162, 134, 226, 298]"
5900,"[290, 236, 272, 224, 124, 120, 264, 290, 232, 206]"
5910,"[-36, -542, 110, 204, -126, -488, -270, 22, -468, 164]"
5920,"[-606, -342, -12, -270, -1302, 152, 168, -192, 52, 198]"
5930,"[-1258, -1301, -92, -1270, -562, -1244, -1262, -1260, -514, -226]"
5940,"[58, 94, -186, -266, -452, -20, -66, -64, -270, -434]"
5950,"[292, 236, 214, 214, 266, 264, 160, 168, 272, 116]"
5960,"[150, 192, 230, 194, 206, 150, 108, 242, 298, 210]"
5970,"[220, 142, 250, 232, 266, 96, 312, 260, 180, 172]"
5980,"[150, 22, 222, 154, 270, 246, -34, 154, 192, 140]"
5990,"[208, 206, 32, 292, -844, 208, 114, 170, 220, 68]"
6000,"[198, 72, 174, 166, 172, 250, 100, 188, 186, 254]"
6010,"[274, 226, 10, 218, 268, 154, 268, 216, 76, 256]"
6020,"[120, 234, 240, 202, 152, 234, 12, 220, 268, 66]"
6030,"[258, 296, 52, 164, 174, 246, 252, 172, 186, 198]"
6040,"[94, 190, 170, 220, 296, 288, 142, 156, 170, 268]"
6050,"[210, 170, 234, 214, 260, 120, 250, 280, 188, 260]"
6060,"[-36, 286, 298, 176, 194, 230, 226, 246, -88, 284]"
6070,"[74, -36, 126, 70, 202, 200, 298, 138, 260, 276]"
6080,"[248, 268, 124, 294, 292, 282, 272, 280, 260, 242]"
6090,"[226, 226, 60, 82, 36, 204, 272, 124, 130, 196]"
6100,"[276, 162, 138, 240, 234, 200, -14, 214, 166, 78]"
6110,"[214, 226, 224, 280, 284, 218, 94, 166, 230, 168]"
6120,"[190, 212, 186, 260, 250, 140, 194, 274, -132, 164]"
6130,"[182, 272, 214, 122, 264, 192, 112, 232, -378, 280]"
6140,"[194, 216, 210, 170, 52, 150, 246, 270, 226, 240]"
6150,"[230, 196, 158, 258, 132, 282, 190, 142, 170, 258]"
6160,"[208, 188, 166, 246, 284, 184, 234, 138, -10, 250]"
6170,"[90, 268, 124, 152, 258, 264, 286, 252, 102, 102]"
6180,"[226, 98, 210, 230, 264, 230, 38, 190, 178, 200]"
6190,"[178, 248, 282, 216, 230, -72, 226, 284, 118, 118]"
6200,"[194, 262, 288, 206, 40, 256, 172, 98, 218, 238]"
6210,"[-150, -276, 0, 182, -8, -86, 124, 258, 232, -28]"
6220,"[284, 50, 146, 266, -468, 188, 234, 294, 140, 260]"
6230,"[198, 20, 12, 178, 206, 84, 216, 240, 132, 124]"
6240,"[172, 80, 56, 184, 138, 212, 282, -146, 222, 266]"
6250,"[34, 188, 118, 216, 226, 262, 158, 230, 86, 148]"
6260,"[248, 138, 180, 220, 222, 298, 214, 28, 110, 148]"
6270,"[154, 218, -62, 166, 292, 146, 240, 248, 234, 264]"
6280,"[156, 222, 230, 108, 46, 54, 84, 26, 216, 194]"
6290,"[190, 178, 28, 258, -6, 274, 254, 210, 256, 202]"
6300,"[266, 88, 148, 238, 228, 230, 198, 204, 172, 184]"
6310,"[288, 242, 236, 216, 226, 152, 106, 194, 42, 148]"
6320,"[162, 268, 276, -188, 270, 230, 150, 172, 198, 204]"
6330,"[148, 242, 110, 278, 236, 180, 248, 216, 254, -294]"
6340,"[190, 132, 224, 234, 188, 242, 290, 108, 272, 230]"
6350,"[224, 214, 220, -6, -68, 260, 128, 120, 278, 272]"
6360,"[204, -184, 144, 202, 140, 270, 250, 56, 240, 250]"
6370,"[174, 264, 128, 216, 252, 12, 288, 16, 204, 242]"
6380,"[216, 234, 246, 144, 120, 142, 226, 110, 260, 270]"
6390,"[142, 190, 180, 266, 294, 214, 274, 172, 158, -32]"
6400,"[282, -34, 66, 96, 122, -550, 254, 110, 202, 168]"
6410,"[250, 258, 178, 208, 224, 144, 240, 246, 170, 130]"
6420,"[280, 280, 212, 146, 260, 260, 132, 82, -16, 166]"
6430,"[266, 180, 246, 122, 238, 150, 166, 292, 224, 286]"
6440,"[234, 148, 232, 268, 278, 288, 278, 190, 236, 264]"
6450,"[36, 204, 80, 106, 236, 218, 224, 270, 266, 134]"
6460,"[88, 202, 6, 100, 234, 232, 174, 272, 270, 232]"
6470,"[96, 152, 216, 32, 194, 152, 286, 212, 184, 310]"
6480,"[230, 228, 264, 288, 210, 184, 288, 190, 212, 114]"
6490,"[282, 236, 276, 262, 270, 106, 202, 148, 36, 96]"
6500,"[170, 126, 272, 110, 150, 234, 130, 282, 236, -178]"
6510,"[64, 152, 164, 112, 196, 70, 70, 208, 230, 140]"
6520,"[204, 248, 64, 150, 242, 280, 236, 264, 258, 178]"
6530,"[180, -6, 216, 210, 42, 240, 90, -16, 62, 278]"
6540,"[268, 180, 138, 232, 116, 282, 178, 44, 290, 290]"
6550,"[268, 228, 78, 304, 282, 264, 156, 92, 198, 174]"
6560,"[-146, 110, 134, -234, 188, 88, 110, -148, -118, 248]"
6570,"[32, 102, -450, -300, -110, -34, 108, 200, 18, 52]"
6580,"[-268, -154, -296, -80, 104, -30, -38, 168, 266, -142]"
6590,"[240, 298, 98, 244, 54, -330, 238, 40, 186, 240]"
6600,"[-120, -154, 240, 278, -200, 280, 142, -2, -568, 280]"
6610,"[86, 84, 82, 240, 228, 240, 270, 134, 94, 238]"
6620,"[-36, 106, 90, 58, 168, 290, 202, 178, 76, 2]"
6630,"[204, 298, 300, 250, 210, 184, 224, 130, 216, -276]"
6640,"[270, 104, 112, -30, 256, 112, 248, 104, 256, 24]"
6650,"[90, 266, -58, 24, 34, 176, 138, 88, 36, 172]"
6660,"[196, 256, 116, 246, 116, 226, 220, 202, 206, -54]"
6670,"[154, 234, 32, 112, 206, 230, 278, 286, 256, 162]"
6680,"[70, 188, 208, 296, 226, 270, 126, 268, 170, 254]"
6690,"[216, 264, 256, 214, 200, 226, 52, 234, 198, 106]"
6700,"[180, 248, 160, 228, 124, 238, 172, 208, 220, 240]"
6710,"[116, 154, 24, 274, 206, 126, 252, 170, 272, 212]"
6720,"[2, 196, 286, 244, 290, 290, 218, 254, 180, 216]"
6730,"[168, 312, 216, 166, 278, 246, 220, 268, 252, 102]"
6740,"[262, 190, 276, 280, 138, 130, 166, 268, 274, 236]"
6750,"[228, 286, 282, 180, 82, 238, 272, 194, 196, 232]"
6760,"[58, 198, 222, 224, 196, -30, 114, 134, 56, 124]"
6770,"[202, 210, 224, 236, 216, 96, 220, 276, 240, 254]"
6780,"[246, 150, 226, 276, 246, 90, 110, 222, 190, 234]"
6790,"[276, 148, 236, 110, 110, 18, 216, 202, 148, 192]"
6800,"[156, 48, -48, 282, -48, 236, 280, 260, 282, 88]"
6810,"[-142, 94, 240, 236, 294, -14, 214, 246, 296, 276]"
6820,"[150, 226, 280, 254, 168, 182, 198, 218, 236, 266]"
6830,"[288, 280, 240, 254, 274, 138, 178, 214, 208, 216]"
6840,"[160, 254, 246, 190, 290, 244, 94, 44, 200, 288]"
6850,"[202, 198, 204, 260, 122, 178, 310, 188, 266, 272]"
6860,"[192, 304, 178, 136, 90, 252, 282, 270, 246, 252]"
6870,"[220, 272, 230, 194, 120, 276, 140, 228, 226, 286]"
6880,"[212, 160, 218, 282, 240, 224, 238, 216, 294, 216]"
6890,"[266, 108, 136, 166, 294, 146, 272, 226, 278, 214]"
6900,"[164, 208, 314, 262, 292, 222, 132, 306, 86, 202]"
6910,"[128, 228, 128, -12, 106, 120, 296, 202, 246, 244]"
6920,"[232, 148, 228, 234, 238, 252, 112, 256, 52, 262]"
6930,"[-2, 214, 284, 264, 172, -84, 208, 84, 288, 294]"
6940,"[116, 276, 186, 86, 194, 104, 126, 242, 268, 240]"
6950,"[250, 274, 290, 276, 70, 34, 242, 266, 182, 282]"
6960,"[194, 202, 242, 284, 268, 176, 108, 260, 190, 246]"
6970,"[144, 306, 142, 146, 118, 252, 222, 148, 274, 256]"
6980,"[288, 232, 294, 228, 198, 280, 266, 204, 162, 268]"
6990,"[310, 174, 204, 48, 252, 296, 254, 274, 270, 278]"
7000,"[260, 48, 254, 294, 122, 256, 76, 172, 190, 278]"
7010,"[224, 290, 200, 272, 214, -24, 256, 226, 196, 238]"
7020,"[254, 254, 256, 116, 198, 98, 238, 234, 140, 206]"
7030,"[46, 248, 274, 174, 268, 126, 120, 102, -230, 260]"
7040,"[226, 64, -78, 242, 216, 58, 112, 128, 238, 196]"
7050,"[276, 262, 238, 142, 170, 282, 282, 202, 274, 276]"
7060,"[150, 120, 180, 90, 252, 214, 264, 228, 260, 252]"
7070,"[74, 238, 246, 166, 210, 234, 52, 276, 184, 228]"
7080,"[290, 280, 208, 2, 76, 164, 108, 292, 266, 186]"
7090,"[-10, 306, 188, 138, 200, 218, 282, 154, 230, 100]"
7100,"[180, 232, 240, 252, 234, 276, 154, 210, 254, 270]"
7110,"[256, 234, -2, 260, 168, 272, 130, 294, 286, 276]"
7120,"[134, 220, 212, 254, 64, -58, 236, 284, 4, 242]"
7130,"[236, 264, 136, 242, 240, 268, 126, -248, 150, 168]"
7140,"[154, 210, 292, 244, 194, 230, 144, 32, 206, 218]"
7150,"[212, 210, 264, 10, 84, 68, 280, 130, 270, 82]"
7160,"[-30, 128, 252, 204, 194, 256, 234, 290, 282, 142]"
7170,"[164, 282, 128, 216, 294, 224, 266, 264, 222, 140]"
7180,"[230, 186, 288, 162, 138, 150, 244, 282, 278, 252]"
7190,"[146, 78, -310, 278, 230, -32, 170, 252, 26, 228]"
7200,"[282, 276, 288, 62, 284, 258, 298, 284, 8, 252]"
7210,"[244, 268, 278, 234, 270, 190, 220, 234, 218, 186]"
7220,"[126, 280, 184, 256, 194, 228, 264, 228, 240, 298]"
7230,"[216, 182, 280, 272, 242, 202, 212, 286, 224, 252]"
7240,"[210, 276, 254, 280, 164, 288, 192, 198, 214, 230]"
7250,"[246, 276, 244, 264, 190, 272, 92, 58, 232, 238]"
7260,"[160, 134, -88, 198, 196, 168, 234, 244, 270, 260]"
7270,"[270, 208, 308, 266, 292, 276, 46, 270, 278, 194]"
7280,"[196, 268, 242, 184, 260, 252, 292, 302, 104, 278]"
7290,"[266, 224, 306, 268, 268, 286, 298, -34, 216, 242]"
7300,"[282, 264, 308, 226, 250, 236, 280, 276, 278, 220]"
7310,"[126, 262, 262, 206, 68, 232, 260, 210, 28, 224]"
7320,"[236, 262, 128, 144, 208, 262, 278, 148, 240, 280]"
7330,"[-46, 290, 282, 282, 274, 168, 272, 280, 154, 250]"
7340,"[234, 266, 144, 128, 196, 228, 272, 72, 244, 242]"
7350,"[134, -100, -342, 190, -60, 102, -122, 158, -20, 122]"
7360,"[262, 188, 218, 266, 52, 220, 316, 214, 268, 266]"
7370,"[176, 262, 162, 128, 202, 244, 298, 260, 14, 248]"
7380,"[192, 244, 276, 200, 156, 208, 276, 142, 268, 204]"
7390,"[-606, -508, 158, -1900, -592, -450, -116, -258, -290, -216]"
7400,"[-1867, 196, -1356, -514, -1890, 40, -1908, -1906, -502, -676]"
7410,"[-874, 188, -82, -610, 40, 232, 198, 84, 146, -424]"
7420,"[130, 22, 174, 282, 152, 270, 90, 140, 246, 234]"
7430,"[284, -100, 88, 226, -170, 12, 232, -68, -10, 140]"
7440,"[-142, 38, -42, 64, 146, 4, -116, 28, 174, 58]"
7450,"[-1306, -1522, -64, -1257, -252, -284, -1255, -1267, -1332, -1249]"
7460,"[-214, -36, -332, -1807, -736, -838, 106, -904, 262, 108]"
7470,"[-38, -168, -802, 278, -32, -552, -256, -140, 114, -14]"
7480,"[136, 248, 256, 294, 160, 50, 242, 198, 264, 122]"
7490,"[110, 82, 8, -182, -538, -412, 50, -4, 30, -162]"
7500,"[132, 38, 24, -186, 62, 16, 82, 154, 194, -114]"
7510,"[254, 232, -72, 160, 262, 214, 178, 230, 162, 90]"
7520,"[168, 170, 64, 182, 78, 170, -60, 236, 144, 104]"
7530,"[236, 238, 56, 144, 258, 222, 54, 260, 252, 254]"
7540,"[304, 234, 242, 176, 300, 130, 282, 194, 306, 266]"
7550,"[276, -14, 96, 300, 284, 158, 256, 294, 264, 98]"
7560,"[164, 218, 276, 144, 6, 30, 224, 48, 212, 224]"
7570,"[218, 206, 238, 50, 264, 284, 96, 258, 300, 254]"
7580,"[150, 116, 250, 116, 188, 174, 176, 284, 304, 236]"
7590,"[260, 232, 284, 228, 228, 136, 238, 282, 246, 240]"
7600,"[236, 158, 184, 250, 226, 246, 144, 166, 124, 232]"
7610,"[-738, 32, -412, -504, -478, -400, -552, -210, 122, 12]"
7620,"[252, 202, 38, 154, 264, 196, 94, 240, 202, 188]"
7630,"[268, 126, 224, 238, 64, 142, 212, 262, 312, 170]"
7640,"[284, 288, 100, 198, 210, 310, 250, 268, 286, 256]"
7650,"[186, 206, 248, 196, 138, 288, 268, 234, 278, 156]"
7660,"[202, 268, 274, 266, 278, 132, 196, 136, 220, 140]"
7670,"[216, 146, 276, 244, -2, 242, 210, 100, 242, 120]"
7680,"[196, -2, 126, 222, 220, 196, 238, 152, 260, 284]"
7690,"[298, 232, 192, 220, 290, 290, 182, 206, 230, 192]"
7700,"[-42, 276, 88, 210, 182, 270, 214, 244, 208, 268]"
7710,"[138, 204, 170, 236, 158, 56, 198, 204, 8, 38]"
7720,"[192, 162, -20, 224, 264, 74, 294, 194, 260, 208]"
7730,"[182, 250, 114, 254, 236, 262, 250, 264, 124, 238]"
7740,"[202, 202, 222, 238, 180, 256, 278, 214, 116, 252]"
7750,"[256, 226, 240, 222, 234, 148, -98, 222, 210, 276]"
7760,"[286, 154, 20, 160, 240, 282, 188, 84, 192, 60]"
7770,"[280, -38, 164, 178, 252, 168, 206, 300, 138, 274]"
7780,"[252, 248, 284, 246, 220, 48, 220, 178, 224, 94]"
7790,"[276, 130, -72, 188, 236, 180, 150, 260, 292, 280]"
7800,"[256, 66, 274, 204, 94, 254, 268, 250, 260, 242]"
7810,"[246, 208, 168, 60, 96, 188, 216, 238, 248, 242]"
7820,"[196, 234, 102, 132, 190, 166, 270, 164, 50, 270]"
7830,"[208, 248, 234, 232, 246, 212, 198, 170, 296, 148]"
7840,"[282, 66, 136, 232, 192, 220, 242, 88, 92, 226]"
7850,"[54, 260, 184, 190, 224, 20, 186, 290, 34, 288]"
7860,"[208, 206, 114, 230, 80, 216, 272, 280, 152, 240]"
7870,"[130, 122, 250, 170, 230, 64, 250, 198, 132, 250]"
7880,"[190, -26, 230, 296, 178, 0, 276, 250, 122, 278]"
7890,"[270, 156, 264, 210, 248, 272, 158, 238, 306, 168]"
7900,"[274, 192, 176, 200, 262, 220, 128, 82, 232, 218]"
7910,"[254, 170, 280, 270, 190, 170, 302, 184, 10, 216]"
7920,"[150, 288, 190, 72, 230, 268, 162, 238, 204, 270]"
7930,"[194, 220, 254, 100, 288, 278, 152, 226, 162, 152]"
7940,"[84, 248, 96, 128, 212, 58, 92, 174, 154, 114]"
7950,"[172, 240, 224, 282, 228, 246, 268, 194, 288, 266]"
7960,"[208, 62, 226, 208, 280, 176, 274, 240, 244, 100]"
7970,"[248, 224, 170, 288, 252, 202, 194, 194, 236, 80]"
7980,"[214, 260, 174, 236, 274, 228, -54, 238, 306, 156]"
7990,"[102, 218, 0, 238, 196, 108, 168, 122, 156, 234]"
8000,"[226, 294, 226, 224, 304, 242, 120, 266, -16, 200]"
8010,"[194, 288, 280, 202, 88, 228, 82, 238, 248, 146]"
8020,"[-16, 82, 24, 284, 176, 210, 132, 200, 174, 200]"
8030,"[170, -14, 22, 222, 232, 38, 98, 172, -38, 216]"
8040,"[154, 216, 188, 242, 188, 62, 206, 246, 94, 208]"
8050,"[228, 76, 176, 166, 276, 188, 290, 284, 166, 114]"
8060,"[310, 288, 266, 66, 210, -92, 298, 168, 178, 136]"
8070,"[198, 206, 240, 194, 224, 226, 272, 214, 264, 80]"
8080,"[90, 206, 184, 184, 100, 152, 250, 36, 172, 112]"
8090,"[276, 226, 148, 282, 186, 278, 112, 178, 252, 244]"
8100,"[152, 296, 136, 216, 260, 200, 218, 132, 236, 134]"
8110,"[142, 190, 164, 298, 268, 250, 286, 152, 258, 220]"
8120,"[260, 180, 178, 154, 290, 278, 278, 178, 246, 186]"
8130,"[124, 240, 100, 198, 130, 288, 170, 260, 116, 262]"
8140,"[184, 186, 104, 132, 264, 214, 38, 204, 260, 252]"
8150,"[136, 210, 244, 282, 100, 264, 300, 292, 210, 224]"
8160,"[286, 290, 264, 230, -66, 200, 144, 86, 218, 228]"
8170,"[134, 190, 100, 100, 206, 226, 168, 118, 244, 38]"
8180,"[236, 210, 96, 246, -16, 204, 192, 94, 286, 246]"
8190,"[152, 202, 250, 200, 102, 216, 254, 224, 268, 90]"
8200,"[212, 210, 166, 140, 272, 268, -18, 130, 186, 266]"
8210,"[262, 286, 208, 210, 288, 278, 304, 162, 196, 294]"
8220,"[288, 230, 278, 204, 276, 160, 198, 270, 230, 266]"
8230,"[72, 154, 254, 202, 102, 250, 236, 290, -100, 262]"
8240,"[276, 300, 110, 148, 160, 260, 216, 268, 206, 250]"
8250,"[166, 140, 86, 270, 184, 112, 256, 236, 246, 8]"
8260,"[298, 264, 268, 234, 248, 272, 138, 64, 236, 296]"
8270,"[168, 264, 262, 206, 176, 192, 262, 210, 284, 154]"
8280,"[296, 286, 236, 264, 218, 268, 242, 184, 292, 50]"
8290,"[44, 246, 148, 228, 238, 156, 244, 220, 180, 162]"
8300,"[196, 276, 290, 142, 290, 192, 254, -4, 212, 98]"
8310,"[254, 40, 252, 268, 206, 258, 234, 110, 288, 272]"
8320,"[220, 226, 180, 260, 282, 264, 246, 142, 278, -380]"
8330,"[240, 122, 200, 92, 248, 136, 176, 76, 286, 138]"
8340,"[256, 302, 256, 246, 272, 210, 184, 282, 220, 280]"
8350,"[276, 162, 298, 298, -42, 44, 264, 288, 260, 280]"
8360,"[190, 222, 176, 194, 68, -42, 198, 266, 276, 284]"
8370,"[262, 196, 244, 250, 92, 144, 172, 290, 224, 208]"
8380,"[154, 136, 236, 262, 142, -198, 200, 206, 156, 228]"
8390,"[290, 130, 252, 288, 256, 282, 302, 260, 268, 160]"
8400,"[206, 206, 244, 192, 266, 228, 150, 172, 212, 246]"
8410,"[258, 294, 314, 290, 216, 236, 268, 244, 108, 268]"
8420,"[142, 172, 230, 250, 154, 276, 98, 168, 280, 172]"
8430,"[274, 266, 170, 266, 252, 122, 274, 154, 268, 200]"
8440,"[164, 272, 250, 222, 284, 298, 208, 210, 284, 120]"
8450,"[198, 290, 186, 244, 204, 290, 288, 184, 248, 304]"
8460,"[268, 172, 266, 244, 256, 270, 250, 162, 172, 250]"
8470,"[214, 292, 206, 266, 302, 150, 278, 206, 192, 138]"
8480,"[228, 158, 264, 194, 160, 228, 146, 32, 212, 136]"
8490,"[218, 290, 246, 134, 258, 282, 276, 282, 152, 268]"
8500,"[264, 204, 250, 188, 250, 260, 116, 194, 282, 308]"
8510,"[266, 242, 214, 172, 244, 162, 126, 242, 246, 290]"
8520,"[120, 272, 268, 186, 280, 186, 214, 280, 286, 144]"
8530,"[282, 246, 230, 216, 286, 288, 154, 300, 192, 278]"
8540,"[130, 226, 184, 248, 138, 248, 280, 282, 254, 14]"
8550,"[292, 286, 242, 218, 156, 186, 278, 224, 194, 266]"
8560,"[170, 284, 272, 282, 152, 132, 124, 156, 218, 108]"
8570,"[252, 256, 136, 292, 250, 276, 182, 246, -78, 228]"
8580,"[222, 84, 218, 44, 56, 176, 198, 116, 258, -20]"
8590,"[240, 216, -68, -22, -112, 206, 234, 198, 296, 216]"
8600,"[232, 276, 300, 286, 12, 260, 252, 236, -68, 112]"
8610,"[284, 100, 190, 226, 196, 230, 190, 264, 212, 116]"
8620,"[132, 278, 264, 294, 60, 178, 296, 238, 38, 214]"
8630,"[288, 208, 196, 288, 212, 276, 276, 222, 286, 168]"
8640,"[214, -262, 120, 294, 214, 94, 242, 276, 216, 216]"
8650,"[212, 148, 246, 294, 236, 258, 298, 166, 98, 62]"
8660,"[254, 184, 38, -62, 238, 198, 178, 82, 232, 252]"
8670,"[294, 250, 296, 238, 196, 156, 264, 282, 156, 118]"
8680,"[220, 148, 186, 106, 94, 172, 272, 298, 172, 206]"
8690,"[190, 182, 198, 104, 240, 214, 252, 248, 190, 196]"
8700,"[256, 214, 246, 278, 172, 238, 278, 268, 186, 258]"
8710,"[280, 228, 204, 266, 198, 194, 260, 214, 206, 208]"
8720,"[258, 142, 276, 234, 78, 276, 168, 232, 258, 280]"
8730,"[-436, 170, 90, -284, -160, 130, -200, 62, 14, -780]"
8740,"[230, 278, 106, 180, 164, 224, 294, 160, 218, 20]"
8750,"[294, 166, 182, 220, 238, 168, 196, 184, 282, 256]"
8760,"[272, 250, 294, 232, -48, 66, 290, 176, 260, 298]"
8770,"[218, 296, 282, 256, 136, 246, 194, 258, 148, 242]"
8780,"[194, 286, 192, 216, 52, 296, 22, 122, -20, 296]"
8790,"[242, 144, 290, 200, 228, 110, 236, 200, 186, 112]"
8800,"[118, 200, 242, 258, 272, 284, 228, 274, 270, 242]"
8810,"[284, 252, 20, 210, 262, 14, 266, 174, 130, 254]"
8820,"[262, 150, 142, 238, 238, 258, 298, 152, -36, 308]"
8830,"[272, 212, 218, 166, 130, 212, 272, 280, 290, 258]"
8840,"[230, 254, 254, 222, 90, 178, 280, 260, 248, 236]"
8850,"[274, 258, 236, 214, 214, 236, 96, 260, 268, 264]"
8860,"[256, 210, 260, 294, 226, 290, 180, 248, 246, 228]"
8870,"[220, 122, 166, 200, 6, 240, 172, -248, 298, 128]"
8880,"[250, 274, 242, 180, 146, 204, 246, 144, 202, 222]"
8890,"[252, 270, 66, 232, 276, -96, 208, 226, 180, 204]"
8900,"[290, 228, 258, 286, 284, 238, 216, 260, 128, 176]"
8910,"[290, 86, 210, 160, 206, -14, 248, 234, 150, 164]"
8920,"[252, 196, 134, 146, 164, 256, 244, 262, 240, 258]"
8930,"[-248, -314, -200, -820, -774, -114, -24, -336, -1038, -276]"
8940,"[248, 182, 214, 262, 252, 282, 204, 228, 234, 110]"
8950,"[84, -222, -60, 232, 30, -38, -316, -68, 116, 6]"
8960,"[-22, 110, -470, -162, -270, -374, 28, -866, 66, -130]"
8970,"[80, 238, 242, 178, 180, 198, 284, 124, 278, 224]"
8980,"[24, 46, 56, -770, 174, 114, -698, -30, 106, -296]"
8990,"[-422, 78, 12, -1890, 110, -90, -30, -62, 88, -306]"
9000,"[232, -34, -1270, -1270, -574, -560, -1261, -104, -1252, -6]"
9010,"[116, 222, 154, -466, -56, 164, -1014, 170, -156, -118]"
9020,"[-162, 106, 114, -278, -192, -326, -1006, 120, -232, 42]"
9030,"[52, 134, 122, 136, -26, 26, 128, 244, 212, -574]"
9040,"[266, 196, 206, 210, 158, 180, 240, 86, 262, 132]"
9050,"[28, 200, 26, 182, 236, -260, -318, 38, -470, 44]"
9060,"[206, 292, 198, 166, 204, 282, 164, 170, 292, 98]"
9070,"[66, -72, 194, -22, 124, -94, -72, 160, 180, -84]"
9080,"[166, 114, 192, 138, 128, 134, 144, 58, 146, 74]"
9090,"[208, 302, 286, 58, 174, 120, 238, 232, 222, 276]"
9100,"[222, 126, 286, 240, 174, -38, 174, 244, 236, 254]"
9110,"[168, 194, 98, 180, 192, 252, 222, 170, 162, 178]"
9120,"[94, 262, 240, 74, 162, 228, 306, 186, 90, 164]"
9130,"[198, 198, 46, 240, 258, 242, 278, 306, 182, 230]"
9140,"[180, 224, 246, 182, 252, 258, 224, 238, 230, 132]"
9150,"[240, 268, 296, 144, 164, 182, 180, 222, 204, 142]"
9160,"[206, 260, 192, 150, 150, 208, 152, 192, 198, 236]"
9170,"[284, 80, 128, 226, 248, 218, 248, -40, 162, 268]"
9180,"[102, 214, -84, 20, 208, 170, 256, 248, 248, 194]"
9190,"[254, 128, 262, 268, 316, 242, 294, 216, 152, 286]"
9200,"[170, 88, 310, 212, -14, 190, 204, -100, 236, 52]"
9210,"[114, 210, 148, 216, 204, 210, 258, 242, 206, 126]"
9220,"[222, 180, 148, 188, 208, 38, 176, 94, 108, 268]"
9230,"[194, 260, 294, 18, 280, 84, -176, 164, 222, 252]"
9240,"[240, 160, -16, -14, 238, 204, 188, 240, 228, 214]"
9250,"[254, 260, 244, 162, -12, 38, 16, 174, 174, 192]"
9260,"[262, 62, 244, 260, 190, 84, 14, 254, 236, 268]"
9270,"[202, 232, 164, 294, 180, 276, 272, 262, 224, 108]"
9280,"[168, 188, 104, 300, 140, 132, 226, 200, 256, 312]"
9290,"[274, 244, 250, 70, 204, 182, 162, 298, 126, 220]"
9300,"[168, 224, 240, 126, 226, 248, 226, 238, 230, 238]"
9310,"[262, 212, 182, 256, 148, 160, 244, 298, -84, 164]"
9320,"[104, 224, 178, 230, 260, 108, 214, 90, 304, 242]"
9330,"[74, 230, 254, 148, 114, 192, 170, 228, 238, 228]"
9340,"[242, 168, 254, 242, 36, -16, 282, 224, 234, 248]"
9350,"[198, 208, 308, 268, 204, 186, 270, 214, 248, 138]"
9360,"[230, 268, 230, 178, 270, 180, 66, 214, 236, 244]"
9370,"[124, 144, 116, 160, 164, 290, 104, -26, 48, 72]"
9380,"[96, -6, 224, 228, 58, 144, 174, -84, 190, 28]"
9390,"[234, 254, 158, 226, 34, 138, 162, 220, 258, -20]"
9400,"[-376, 136, -152, -1295, -82, -446, 188, 130, -372, 234]"
9410,"[34, 172, 24, -16, 192, 152, 204, -12, 212, 70]"
9420,"[230, 282, 130, 130, -142, -42, 86, 182, 218, 162]"
9430,"[88, -128, 232, 114, 184, 262, 240, 182, 162, 258]"
9440,"[226, 244, -88, 290, 58, -214, -96, 216, 60, 120]"
9450,"[-92, 128, -208, -684, 72, -1207, -1209, 32, -82, -246]"
9460,"[232, 212, 232, 212, 164, -1622, -894, 118, 40, 204]"
9470,"[80, 216, 244, 180, 130, 148, 260, 208, 190, 142]"
9480,"[104, 26, 172, 216, 148, 198, 244, 216, 194, 194]"
9490,"[68, 122, 260, 108, 198, 140, 142, 122, 42, 290]"
9500,"[204, 226, 196, 134, 272, 152, 74, -100, 220, 254]"
9510,"[194, 210, 212, 218, 140, 202, 210, 228, 152, 250]"
9520,"[204, 96, 208, 136, 282, 86, 254, 182, 170, 246]"
9530,"[244, 196, 128, 224, 174, 212, 220, 60, 204, 196]"
9540,"[-152, 80, 110, -608, 42, -224, 12, -32, 0, -224]"
9550,"[138, -1778, -160, -808, -284, 12, -318, -344, -102, -212]"
9560,"[46, -460, -882, 124, -126, 72, -362, -608, -928, 166]"
9570,"[280, 182, 286, 130, 298, 102, 290, 252, 292, -154]"
9580,"[196, -156, 64, 2, 212, -14, -166, -398, 26, -144]"
9590,"[240, 264, 208, 282, 280, 184, 250, 38, 302, 140]"
9600,"[160, 222, 64, 218, 156, 56, -482, 108, -1180, -516]"
9610,"[-62, 20, 58, 174, 274, 122, 278, 206, 234, -248]"
9620,"[-722, -558, 18, 116, -530, 118, -680, -180, -38, 206]"
9630,"[250, 224, 122, 286, 222, 180, 258, 74, 250, 296]"
9640,"[234, 238, 62, 290, 272, 10, 306, 182, 228, 18]"
9650,"[264, 232, 244, 286, 182, 148, -68, 288, 262, 94]"
9660,"[230, 210, 234, 196, 216, 276, 192, 232, 254, 208]"
9670,"[162, -38, 296, 160, 206, 264, -18, 244, 218, 162]"
9680,"[226, 272, 282, 248, -8, 184, 284, 122, 228, 226]"
9690,"[-268, 246, -124, 288, 206, 206, 186, 186, 54, 164]"
9700,"[46, 202, 154, 244, 240, 248, 208, 290, 158, 184]"
9710,"[234, 202, 234, 298, 260, 86, 224, 164, -112, 108]"
9720,"[238, 244, 216, 50, 290, 264, 78, 266, 80, 246]"
9730,"[224, 166, 186, 92, -198, 276, 102, 128, 240, 68]"
9740,"[260, 236, 34, 88, 186, 244, 242, 256, 202, 206]"
9750,"[242, 250, 286, 242, -214, 244, 162, 276, 294, 242]"
9760,"[230, 268, 114, 224, 224, 280, 162, 178, -150, 130]"
9770,"[162, 216, 92, 10, 290, 306, 174, 276, 58, 56]"
9780,"[270, 248, 214, 198, 114, -6, -222, 212, 262, 286]"
9790,"[114, 34, 196, 20, 214, 212, 224, 256, 0, 118]"
9800,"[220, 240, -40, 58, 292, 274, 262, 134, 34, 248]"
9810,"[262, 296, 214, 182, 200, 62, 78, 202, 230, 186]"
9820,"[226, 240, 80, 198, 224, 184, 240, 200, 302, 4]"
9830,"[152, 82, 178, 256, 270, 170, 284, 174, 228, 202]"
9840,"[-66, 108, 260, 168, 132, 168, 146, 188, 226, 192]"
9850,"[152, 234, 208, -94, 224, 200, 252, 218, 74, -182]"
9860,"[186, 168, 232, 144, 216, 286, 272, 234, 254, 252]"
9870,"[-114, 126, -54, 202, 68, 246, 266, 272, 148, 58]"
9880,"[182, 292, 78, 202, 146, 54, 232, -50, 216, 164]"
9890,"[292, 90, 266, 234, 130, 158, 228, 130, 78, 136]"
9900,"[256, 282, 158, 270, 72, 96, 180, 238, 190, 196]"
9910,"[134, 142, 296, 232, -64, 94, 300, 210, 262, 174]"
9920,"[262, 214, 244, 182, -6, 228, 118, 172, 228, 104]"
9930,"[268, 250, 280, 218, 234, 232, 268, 186, 174, 266]"
9940,"[190, 208, 148, 130, 212, 178, 228, -66, 254, -12]"
9950,"[196, 228, 122, 228, 264, -86, 146, 234, 188, 272]"
9960,"[202, 96, 212, 274, 230, 256, 248, 228, 240, 250]"
9970,"[302, 192, 302, 250, 194, 288, 130, 136, 118, 172]"
9980,"[248, 224, 234, 190, 250, 282, 166, 240, 214, 238]"
9990,"[284, 126, 244, 48, 254, 252, 148, 234, 206, 242]"
10000,"[166, 230, 150, 102, 96, 280, 248, 104, 268, 250]"
